<?xml version="1.0" encoding="UTF-8" standalone="yes"?>
<addon id="repository.natethagod" name="NateThaGod Repository" version="1.0" provider-name="natethagod">
    <extension point="xbmc.addon.repository" name="NateThaGod Repository">
        <dir>
            <info compressed="false">https://raw.githubusercontent.com/natethagod/repository.natethagod/master/repo/zips/addons.xml</info>
            <checksum>https://raw.githubusercontent.com/natethagod/repository.natethagod/master/repo/zips/addons.xml.md5</checksum>
            <datadir zip="true">https://raw.githubusercontent.com/natethagod/repository.natethagod/master/repo/zips/</datadir>
        </dir>
    </extension>
    <extension point="xbmc.addon.metadata">
        <summary>NateThaGod Repository</summary>
        <description>NateThaGod's Repository for his builds</description>
        <disclaimer></disclaimer>
        <platform>all</platform>
        <assets>
            <icon>icon.png</icon>
            <fanart>fanart.jpg</fanart>
        </assets>
    </extension>
</addon>